<?xml version="1.0" encoding="utf-8" standalone="yes" ?>
<Window size="200,150" caption="0,0,0,100" roundcorner="2,2">
    <Font name="微软雅黑" size="12" bold="false" italic="false" />
    <Font name="宋体" size="12" bold="false" italic="false" />
    <Font name="宋体" size="36" bold="true" italic="false" />
    <HorizontalLayout name="layoutMain" width="60" height="144" bkimage="background.png">
        <Label name="labelIcon" float="true" pos="6,6,0,0" width="16" height="16" bkimage="icon.png" />
        <Label name="labelCaption" text="番茄时钟" float="true" pos="30,6,0,0" width="120" height="16" textcolor="#FF000000" disabledtextcolor="#FFA7A6AA" />
        <Button name="btnClose" float="true" pos="164,2,0,0" width="32" height="16" textcolor="#FF000000" disabledtextcolor="#FFA7A6AA" 
            normalimage="file=&apos;close.png&apos; source=&apos;0,0,32,17&apos;"
            hotimage="file=&apos;close.png&apos; source=&apos;33,0,65,17&apos;"
            pushedimage="file=&apos;close.png&apos; source=&apos;33,0,65,17&apos;"
            />
		<Label name="labelTime" text="25:00" float="true" pos="50,30,0,0" width="100" height="60" font="2"/>
		<Button name="btnWork" text="工作" float="true" pos="15,100,0,0" width="70" height="30" textcolor="#FF000000" disabledtextcolor="#FFA7A6AA" align="center"
            normalimage="file=&apos;button.png&apos; source=&apos;0,0,128,33&apos;"
            hotimage="file=&apos;button.png&apos; source=&apos;128,0,256,33&apos;"
            pushedimage="file=&apos;button.png&apos; source=&apos;128,0,256,33&apos;"
            />
		<Button name="btnRest" text="休息" float="true" pos="115,100,0,0" width="70" height="30" textcolor="#FF000000" disabledtextcolor="#FFA7A6AA" align="center"
		normalimage="file=&apos;button.png&apos; source=&apos;0,0,128,33&apos;"
		hotimage="file=&apos;button.png&apos; source=&apos;128,0,256,33&apos;"
		pushedimage="file=&apos;button.png&apos; source=&apos;128,0,256,33&apos;"
		/>
    </HorizontalLayout>
</Window>
